<?xml version="1.0"?>
<doc>
    <assembly>
        <name>GenericDataSourceControl</name>
    </assembly>
    <members>
        <member name="M:GenericDataSourceControl.GenericDataArgs.#ctor(System.Collections.IDictionary)">
            <summary>
            The DataItem to be used for the data source operation.
            </summary>
        </member>
        <member name="M:GenericDataSourceControl.GenericDataArgs.GetDataItem``1">
            <summary>
            Returns a new DataItem <typeparamref name="T"/> filled with the modified input values.
            </summary>
            <typeparam name="T"></typeparam>
            <returns>A new DataItem <typeparamref name="T"/>.</returns>
        </member>
        <member name="M:GenericDataSourceControl.GenericDataArgs.FillDataItem``1(``0)">
            <summary>
            Refreshes the DataItem <typeparamref name="T"/> with the modified input values.
            </summary>
            <typeparam name="T"></typeparam>
            <param name="dataItem"></param>
            <returns>The DataItem <typeparamref name="T"/>.</returns>
        </member>
        <member name="P:GenericDataSourceControl.GenericDataArgs.DataItem">
            <summary>
            Reference to the DataItem object, used for one of the Create/Update/Delete actions.
            This is automatically setup when using <seealso cref="M:GenericDataSourceControl.GenericDataArgs.GetDataItem``1"/> or <seealso cref="!:FillDataItem(object)"/>.
            </summary>
        </member>
        <member name="M:GenericDataSourceControl.GenericKeyDataArgs.FillDataItem``1(``0)">
            <summary>
            Refreshes the DataItem <typeparamref name="T"/> with the modified input values and keys.
            </summary>
            <typeparam name="T"></typeparam>
            <param name="dataItem"></param>
            <returns>The DataItem <typeparamref name="T"/>.</returns>
        </member>
        <member name="M:GenericDataSourceControl.GenericSelectArgs.SetData(System.Linq.IQueryable)">
            <summary>
            Sets the IQueryable data source. The data source will sorted and paged according to the <see cref="P:GenericDataSourceControl.GenericSelectArgs.AutoSort"/> and <see cref="P:GenericDataSourceControl.GenericSelectArgs.AutoPage"/>.
            </summary>
            <param name="data">IQueryable data source</param>
        </member>
        <member name="M:GenericDataSourceControl.GenericSelectArgs.SetData(System.Collections.IEnumerable)">
            <summary>
            Sets the IEnumerable datasource. The data source will sorted and paged according to the <see cref="P:GenericDataSourceControl.GenericSelectArgs.AutoSort"/> and <see cref="P:GenericDataSourceControl.GenericSelectArgs.AutoPage"/>.
            </summary>
            <param name="data">IEnumerable data source</param>
        </member>
        <member name="M:GenericDataSourceControl.GenericSelectArgs.SetPagedData(System.Collections.IEnumerable,System.Int32)">
            <summary>
            Sets the IEnumerable data source, already sorted and paged.
            </summary>
            <param name="data">The custom sorted and paged IEnumerable data source.</param>
            <param name="totalRowCount">The total number of data items, to be used for UI data paging. The TotalRowCount is used to determine the total number of data pages.</param>
        </member>
        <member name="M:GenericDataSourceControl.GenericSelectArgs.SetData(System.Linq.IQueryable,System.Boolean,System.Boolean)">
            <summary>
            Sets the IQueryable data source. The data source will sorted and paged according to the <param name="autoSort"/> and <param name="autoPage"/>.
            </summary>
            <param name="data">IQueryable data source</param>
        </member>
        <member name="P:GenericDataSourceControl.GenericSelectArgs.AutoSort">
            <summary>
            The Data Source will be sorted automatically.
            </summary>
        </member>
        <member name="P:GenericDataSourceControl.GenericSelectArgs.AutoPage">
            <summary>
            The Data Source will be paged automatically.
            </summary>
        </member>
        <member name="P:GenericDataSourceControl.GenericSelectArgs.DataSource">
            <summary>
            Gets the DataSource Items to be displayed by the UI Control.
            To set the raw DataSource Items, use the <see cref="!:SelectDataEventArgs.SetDataSource"/>, or <seealso cref="!:SelectDataEventArgs.SetPagedDataSource"/>.
            </summary>
        </member>
        <member name="M:GenericDataSourceControl.GenericArgsDataItem.Value``1">
            <summary>
            Gets the DataItem, after filling it with the available values.
            </summary>
            <typeparam name="T"></typeparam>
            <returns></returns>
        </member>
        <member name="M:GenericDataSourceControl.GenericArgsDataItem.Fill``1(``0)">
            <summary>
            Fills the DataItem with the modified values.
            </summary>
            <typeparam name="T"></typeparam>
            <param name="dataItem"></param>
            <returns></returns>
        </member>
        <member name="M:GenericDataSourceControl.GenericUpdateArgs.GetOldDataItem``1">
            <summary>
            For optimistic concurrency: returns a new DataItem <typeparamref name="T"/> filled with the original input values and keys.
            </summary>
            <typeparam name="T"></typeparam>
            <returns>A new DataItem <typeparamref name="T"/>.</returns>
        </member>
        <member name="M:GenericDataSourceControl.GenericUpdateArgs.FillOldDataItem``1(``0)">
            <summary>
            For optimistic concurrency: refreshes the DataItem <typeparamref name="T"/> with the original input values and keys.
            </summary>
            <typeparam name="T"></typeparam>
            <param name="dataItem"></param>
            <returns>The DataItem <typeparamref name="T"/>.</returns>
        </member>
        <member name="M:GenericDataSourceControl.GenericDataSource.Insert(GenericDataSourceControl.GenericDataArgs)">
            <summary>
            Triggers the data source Insert operation.
            </summary>
            <param name="args">The GenericInsertArgs arguments.</param>
            <returns>The number of affected rows.</returns>
        </member>
        <member name="M:GenericDataSourceControl.GenericDataSource.Update(GenericDataSourceControl.GenericUpdateArgs)">
            <summary>
            Triggers the data source Update operation.
            It ofers support for Optimistic concurrency, by storing the original and updated parameter values.
            </summary>
            <param name="args">The GenericUpdateArgs arguments.</param>
            <returns>The number of affected rows.</returns>
        </member>
        <member name="M:GenericDataSourceControl.GenericDataSource.Delete(GenericDataSourceControl.GenericKeyDataArgs)">
            <summary>
            Triggers the data source Update operation.
            It ofers support for Optimistic concurrency, by storing the original and updated parameter values.
            </summary>
            <param name="args">The GenericDeleteArgs arguments.</param>
            <returns>The number of affected rows.</returns>
        </member>
        <member name="E:GenericDataSourceControl.GenericDataSource.ExecuteSelect">
            <summary>
            Occurs when the GenericDataSource control performs Select operation. This event must be handled to support the data Retrieval (Select) operation.
            </summary>
        </member>
        <member name="E:GenericDataSourceControl.GenericDataSource.ExecuteInsert">
            <summary>
            Occurs when the GenericDataSource control performs Insert operation. This event must be handled to support the data Insert operation.
            </summary>
        </member>
        <!-- Badly formed XML comment ignored for member "E:GenericDataSourceControl.GenericDataSource.ExecuteUpdate" -->
        <member name="E:GenericDataSourceControl.GenericDataSource.ExecuteDelete">
            <summary>
            Occurs when the GenericDataSource control performs Delete operation. This event must be handled to support the data Delete operation.
            </summary>
        </member>
        <member name="P:GenericDataSourceControl.GenericDataSource.DataSource">
            <summary>
            The DataSource resulted from the Select operation, automatically sorted and paged, if the case.
            </summary>
        </member>
        <member name="P:GenericDataSourceControl.GenericDataSource.DisableSelect">
            <summary>
            Set this to FALSE, for data insert scenarios.
            Once used by a data bound control, the GenericDataSource control will trigger the ExecuteSelect event to handle data Retrieval.
            </summary>
        </member>
        <member name="P:GenericDataSourceControl.GenericDataSource.AutoPage">
            <summary>
            When AutoPage is <value>True</value>, the data source set using <see cref="!:GenericSelectArgs.SetData()"/> handler will be automatically paged.
            </summary>
        </member>
        <member name="P:GenericDataSourceControl.GenericDataSource.AutoSort">
            <summary>
            When AutoSort is <value>True</value>, the data source set using <see cref="!:GenericSelectArgs.SetData()"/> handler will be automatically sorted, if possible.
            </summary>
        </member>
        <member name="P:GenericDataSourceControl.GenericDataSource.DefaultView">
            <summary>
            Gets the default (Generic)DataSourceView that handles the Select, Insert, Update and Delete operations.
            </summary>
        </member>
        <member name="T:GenericDataSourceControl.GenericDataSourceView">
            <summary>
            The DataSourceView for the GenericDataSourceControl. This DataSourceView handles the "Select", "Insert", "Update" and "Delete" events of the DataSource.
            </summary>
        </member>
    </members>
</doc>
