<?xml version="1.0"?>
<doc>
    <assembly>
        <name>ActiveUp.Net.Groupware.Compact</name>
    </assembly>
    <members>
        <member name="T:ActiveUp.Net.Groupware.vCalendar.Address">
            <summary>
            Description résumée de vCard.
            </summary>
        </member>
        <member name="T:ActiveUp.Net.Groupware.vCard.Address">
            <summary>
            Description résumée de vCard.
            </summary>
        </member>
        <member name="T:ActiveUp.Net.Groupware.vCard.AddressCollection">
            <summary>
            Contains one or more Address object(s).
            </summary>
        </member>
        <member name="M:ActiveUp.Net.Groupware.vCard.AddressCollection.GetPrefered">
            <summary>
            Returns the first object in the collection whose Type is Prefered.
            </summary>
            <returns>The first object in the collection whose Type is Prefered.</returns>
        </member>
        <member name="T:ActiveUp.Net.Groupware.vCard.EmailAddress">
            <summary>
            Description résumée de vCard.
            </summary>
        </member>
        <member name="T:ActiveUp.Net.Groupware.vCard.EmailAddressCollection">
            <summary>
            Contains one or more EmailAddress object(s).
            </summary>
        </member>
        <member name="M:ActiveUp.Net.Groupware.vCard.EmailAddressCollection.GetPrefered">
            <summary>
            Returns the first object in the collection whose Type is Prefered.
            </summary>
            <returns>The first object in the collection whose Type is Prefered.</returns>
        </member>
        <member name="T:ActiveUp.Net.Groupware.vCard.Label">
            <summary>
            Description résumée de vCard.
            </summary>
        </member>
        <member name="T:ActiveUp.Net.Groupware.vCard.LabelCollection">
            <summary>
            Contains one or more Label object(s).
            </summary>
        </member>
        <member name="T:ActiveUp.Net.Groupware.vCard.Name">
            <summary>
            Description résumée de vCard.
            </summary>
        </member>
        <member name="T:ActiveUp.Net.Groupware.vCard.Parser">
            <summary>
            Parses text to vCard objects.
            </summary>
        </member>
        <member name="T:ActiveUp.Net.Groupware.vCard.TelephoneNumber">
            <summary>
            Description résumée de vCard.
            </summary>
        </member>
        <member name="T:ActiveUp.Net.Groupware.vCard.TelephoneNumberCollection">
            <summary>
            Contains one or more TelephoneNumber object(s).
            </summary>
        </member>
        <member name="M:ActiveUp.Net.Groupware.vCard.TelephoneNumberCollection.GetPrefered">
            <summary>
            Returns the first object in the collection whose Type is Prefered.
            </summary>
            <returns>The first object in the collection whose Type is Prefered.</returns>
        </member>
        <member name="P:ActiveUp.Net.Groupware.vCard.vCard.DisplayName">
            <summary>
            The displayable, presentation text associated with the source for the vCard, as specified in the SOURCE property.
            </summary>
        </member>
        <member name="P:ActiveUp.Net.Groupware.vCard.vCard.FullName">
            <summary>
            To specify the formatted text corresponding to the name of the object the vCard represents.
            </summary>
        </member>
        <member name="P:ActiveUp.Net.Groupware.vCard.vCard.Source">
            <summary>
            Information	how to find the source for the vCard.
            </summary>
        </member>
        <member name="P:ActiveUp.Net.Groupware.vCard.vCard.Name">
            <summary>
            Components of the name of the object the vCard represents.
            </summary>
        </member>
        <member name="P:ActiveUp.Net.Groupware.vCard.vCard.Nickname">
            <summary>
            The nickname of	the object the vCard represents.
            </summary>
        </member>
        <member name="P:ActiveUp.Net.Groupware.vCard.vCard.Mailer">
            <summary>
            Electronic mail software that is used by the individual associated with the vCard.
            </summary>
        </member>
        <member name="P:ActiveUp.Net.Groupware.vCard.vCard.TimeZone">
            <summary>
            Information related to the time zone (UTC offset) of the object the vCard represents.
            </summary>
        </member>
        <member name="P:ActiveUp.Net.Groupware.vCard.vCard.Title">
            <summary>
            The job title, functional position or function of the object the vCard represents.
            </summary>
        </member>
        <member name="P:ActiveUp.Net.Groupware.vCard.vCard.Role">
            <summary>
            Information concerning the role, occupation, or business category of the object the vCard represents.
            </summary>
        </member>
        <member name="P:ActiveUp.Net.Groupware.vCard.vCard.Note">
            <summary>
            Supplemental information or a comment that is associated with the vCard.
            </summary>
        </member>
        <member name="P:ActiveUp.Net.Groupware.vCard.vCard.GeneratorId">
            <summary>
            The identifier for the product that created	the vCard object. (ISO 9070)
            </summary>
        </member>
        <member name="P:ActiveUp.Net.Groupware.vCard.vCard.SortText">
            <summary>
            Specify the family name or given name text to be used for national-language-specific sorting of the Full Name and Name properties.
            </summary>
        </member>
        <member name="P:ActiveUp.Net.Groupware.vCard.vCard.Uid">
            <summary>
            A value that represents a globally unique identifier corresponding to the individual or resource associated with the vCard.
            </summary>
        </member>
        <member name="P:ActiveUp.Net.Groupware.vCard.vCard.Url">
            <summary>
            Specify a uniform resource locator associated with the object that the vCard refers to.
            </summary>
        </member>
        <member name="P:ActiveUp.Net.Groupware.vCard.vCard.Version">
            <summary>
            The version of the vCard specification used to format this vCard.
            </summary>
        </member>
        <member name="P:ActiveUp.Net.Groupware.vCard.vCard.AccessClass">
            <summary>
            The access classification for a vCard object. (i.e. PRIVATE, PUBLIC, CONFIDENTIAL)
            </summary>
        </member>
        <member name="P:ActiveUp.Net.Groupware.vCard.vCard.Birthday">
            <summary>
            The birth date of the object the vCard represents.
            </summary>
        </member>
        <member name="P:ActiveUp.Net.Groupware.vCard.vCard.Revision">
            <summary>
            Revision information about the current vCard.
            The value distinguishes the current revision of	the information in this vCard for other renditions of the information.
            </summary>
        </member>
        <member name="P:ActiveUp.Net.Groupware.vCard.vCard.Organization">
            <summary>
            The organizational name and units associated with the vCard.
            </summary>
        </member>
        <member name="P:ActiveUp.Net.Groupware.vCard.vCard.Categories">
            <summary>
            Application categories information about the vCard.
            </summary>
        </member>
        <member name="P:ActiveUp.Net.Groupware.vCard.vCard.Addresses">
            <summary>
            The components of the delivery addresses for the vCard object.
            </summary>
        </member>
        <member name="P:ActiveUp.Net.Groupware.vCard.vCard.TelephoneNumbers">
            <summary>
            The telephone numbers for telephony communication with the object the vCard represents.
            </summary>
        </member>
        <member name="P:ActiveUp.Net.Groupware.vCard.vCard.Labels">
            <summary>
            The formatted text corresponding to delivery addresses of the object the vCard represents.
            </summary>
        </member>
        <member name="P:ActiveUp.Net.Groupware.vCard.vCard.GeographicalPosition">
            <summary>
            Information related to the global positioning of the object the vCard represents.
            </summary>
        </member>
        <member name="P:ActiveUp.Net.Groupware.vCard.vCard.EmailAddresses">
            <summary>
            The electronic mail addresses for communication with the object the vCard represents.
            </summary>
        </member>
        <member name="P:ActiveUp.Net.Groupware.vCard.vCard.Photo">
            <summary>
            An image or photograph information that	annotates some aspect of the object the vCard represents.
            </summary>
        </member>
        <member name="P:ActiveUp.Net.Groupware.vCard.vCard.Logo">
            <summary>
            A graphic image of a logo associated with the object the vCard represents.
            </summary>
        </member>
        <member name="P:ActiveUp.Net.Groupware.vCard.vCard.Sound">
            <summary>
            A digital sound content information that annotates some aspect of the vCard. By default this type is used to specify the proper pronunciation of the name type value of the vCard.
            </summary>
        </member>
        <member name="P:ActiveUp.Net.Groupware.vCard.vCard.Key">
            <summary>
            A public key or authentication certificate associated with the object that the vCard represents.
            </summary>
        </member>
    </members>
</doc>
